"FOMC Dissent Data Appendix to ""Making Sense of Dissents: A History of FOMC Dissents."" Federal Reserve Bank of St. Louis Review, Third Quarter 2014 Vol. 96, No. 3",,,,,,,,,,,,,,,,,,,,,
Authors: Daniel L. Thornton and David C. Wheelock,,,,,,,,,,,,,,,,,,,,,
NOTE: This file was last updated 11/10/2018.,,,,,,,,,,,,,,,,,,,,,
Year,FOMC Meeting,Chair,Dissent (Y or N),FOMC Votes,Votes for Action,Votes Against Action,Number Governors Dissenting,Number Presidents Dissenting,No. Governors for Tighter,No. Governors for Easier,No. Presidents for Tighter,No. Presidents for Easier,Dissenters Tighter,Dissenters Easier,Dissenters Other/Indeterminate,,,,,,
1936,03/19/36,Eccles,N,9,9,0,0,0,,,,,,,,,,,,,
1936,05/25/36,Eccles,N,9,9,0,0,0,,,,,,,,,,,,,
1936,11/20/36,Eccles,N,11,11,0,0,0,,,,,,,,,,,,,
1937,01/26/37,Eccles,N,11,11,0,0,0,,,,,,,,,,,,,
1937,03/15/37,Eccles,N,8,8,0,0,0,,,,,,,,,,,,,
1937,04/04/37,Eccles,N,11,11,0,0,0,,,,,,,,,,,,,
1937,05/05/37,Eccles,N,11,11,0,0,0,,,,,,,,,,,,,
1937,06/09/37,Eccles,N,11,11,0,0,0,,,,,,,,,,,,,
1937,11/12/37,Eccles,N,11,11,0,0,0,,,,,,,,,,,,,
1937,12/01/37,Eccles,N,10,10,0,0,0,,,,,,,,,,,,,
1938,03/01/38,Eccles,N,10,10,0,0,0,,,,,,,,,,,,,
1938,04/22/38,Eccles,N,10,10,0,0,0,,,,,,,,,,,,,
1938,04/29/38,Eccles,N,11,11,0,0,0,,,,,,,,,,,,,
1938,08/02/38,Eccles,N,11,11,0,0,0,,,,,,,,,,,,,
1938,09/21/38,Eccles,N,9,9,0,0,0,,,,,,,,,,,,,
1938,12/30/38,Eccles,Y,11,8,3,3,0,,,,,,,"Eccles, Ransom, Draper",,,,,,
1939,03/07/39,Eccles,Y,11,8,3,3,0,,,,,,,"Eccles, Ransom, Draper",,,,,,
1939,03/20/39,Eccles,Y,11,8,3,3,0,,,,,,,"Eccles, Ransom, Draper",,,,,,
1939,04/19/39,Eccles,Y,10,9,1,1,0,,,,,,,Draper,,,,,,
1939,06/21/39,Eccles,Y,11,10,1,1,0,,,,,,,Draper,,,,,,
1939,09/18/39,Eccles,N,11,11,0,0,0,,,,,,,,,,,,,
1939,12/13/39,Eccles,N,11,11,0,0,0,,,,,,,,,,,,,
1940,03/20/40,Eccles,N,11,11,0,0,0,,,,,,,,,,,,,
1940,05/28/40,Eccles,N,11,11,0,0,0,,,,,,,,,,,,,
1940,09/27/40,Eccles,Y,10,9,1,1,0,,1,,,,Draper,,,,,,,
1940,12/18/40,Eccles,Y,11,10,1,1,0,,,,,,,Draper,,,,,,
1941,03/17/41,Eccles,N,11,11,0,0,0,,,,,,,,,,,,,
1941,06/10/41,Eccles,N,10,10,0,0,0,,,,,,,,,,,,,
1941,09/27/41,Eccles,N,10,10,0,0,0,,,,,,,,,,,,,
1941,12/12/41,Eccles,N,10,10,0,0,0,,,,,,,,,,,,,
1942,03/02/42,Eccles,N,10,10,0,0,0,,,,,,,,,,,,,
1942,05/08/42,Eccles,N,11,11,0,0,0,,,,,,,,,,,,,
1942,06/22/42,Eccles,N,11,11,0,0,0,,,,,,,,,,,,,
1942,08/03/42,Eccles,N,10,10,0,0,0,,,,,,,,,,,,,
1942,09/29/42,Eccles,N,11,11,0,0,0,,,,,,,,,,,,,
1942,12/14/42,Eccles,N,10,10,0,0,0,,,,,,,,,,,,,
1943,01/26/43,Eccles,N,11,11,0,0,0,,,,,,,,,,,,,
1943,03/02/43,Eccles,N,10,10,0,0,0,,,,,,,,,,,,,
1943,05/15/43,Eccles,N,11,11,0,0,0,,,,,,,,,,,,,
1943,06/28/43,Eccles,N,11,11,0,0,0,,,,,,,,,,,,,
1943,10/18/43,Eccles,N,11,11,0,0,0,,,,,,,,,,,,,
1944,03/01/44,Eccles,N,11,11,0,0,0,,,,,,,,,,,,,
1944,05/04/44,Eccles,N,10,10,0,0,0,,,,,,,,,,,,,
1944,09/22/44,Eccles,N,10,10,0,0,0,,,,,,,,,,,,,
1944,12/11/44,Eccles,N,11,11,0,0,0,,,,,,,,,,,,,
1945,03/01/45,Eccles,N,11,11,0,0,0,,,,,,,,,,,,,
1945,06/20/45,Eccles,N,11,11,0,0,0,,,,,,,,,,,,,
1945,10/17/45,Eccles,N,11,11,0,0,0,,,,,,,,,,,,,
1946,03/01/46,Eccles,N,11,11,0,0,0,,,,,,,,,,,,,
1946,06/10/46,Eccles,N,10,10,0,0,0,,,,,,,,,,,,,
1946,10/03/46,Eccles,N,10,10,0,0,0,,,,,,,,,,,,,
1947,03/01/47,Eccles,N,10,10,0,0,0,,,,,,,,,,,,,
1947,06/06/47,Eccles,N,10,10,0,0,0,,,,,,,,,,,,,
1947,10/07/47,Eccles,N,11,11,0,0,0,,,,,,,,,,,,,
1947,12/09/47,Eccles,N,11,11,0,0,0,,,,,,,,,,,,,
1948,03/01/48,Eccles,N,11,11,0,0,0,,,,,,,,,,,,,
1948,05/20/48,McCabe,N,11,11,0,0,0,,,,,,,,,,,,,
1948,10/04/48,McCabe,N,11,11,0,0,0,,,,,,,,,,,,,
1948,11/30/48,McCabe,N,12,12,0,0,0,,,,,,,,,,,,,
1949,03/01/49,McCabe,N,11,11,0,0,0,,,,,,,,,,,,,
1949,05/03/49,McCabe,N,10,10,0,0,0,,,,,,,,,,,,,
1949,06/28/49,McCabe,N,12,12,0,0,0,,,,,,,,,,,,,
1949,08/05/49,McCabe,N,8,8,0,0,0,,,,,,,,,,,,,
1949,12/13/49,McCabe,N,10,10,0,0,0,,,,,,,,,,,,,
1950,03/01/50,McCabe,N,8,8,0,0,0,,,,,,,,,,,,,
1950,06/14/50,McCabe,N,9,9,0,0,0,,,,,,,,,,,,,
1950,08/18/50,McCabe,N,11,11,0,0,0,,,,,,,,,,,,,
1950,09/28/50,McCabe,N,12,12,0,0,0,,,,,,,,,,,,,
1950,10/11/50,McCabe,N,12,12,0,0,0,,,,,,,,,,,,,
1950,10/30/50,McCabe,N,11,11,0,0,0,,,,,,,,,,,,,
1950,11/27/50,McCabe,N,11,11,0,0,0,,,,,,,,,,,,,
1951,01/31/51,McCabe,N,12,12,0,0,0,,,,,,,,,,,,,
1951,02/08/51,McCabe,N,12,12,0,0,0,,,,,,,,,,,,,
1951,03/02/51,McCabe,N,11,11,0,0,0,,,,,,,,,,,,,
1951,03/08/51,McCabe,N,12,12,0,0,0,,,,,,,,,,,,,
1951,05/17/51,Martin,N,11,11,0,0,0,,,,,,,,,,,,,
1951,10/04/51,Martin,N,9,9,0,0,0,,,,,,,,,,,,,
1951,11/14/51,Martin,N,10,10,0,0,0,,,,,,,,,,,,,
1952,03/01/52,Martin,N,12,12,0,0,0,,,,,,,,,,,,,
1952,06/19/52,Martin,N,12,12,0,0,0,,,,,,,,,,,,,
1952,09/25/52,Martin,N,9,9,0,0,0,,,,,,,,,,,,,
1952,12/08/52,Martin,N,9,9,0,0,0,,,,,,,,,,,,,
1953,03/05/53,Martin,N,10,10,0,0,0,,,,,,,,,,,,,
1953,06/11/53,Martin,N,9,9,0,0,0,,,,,,,,,,,,,
1953,09/24/53,Martin,N,11,11,0,0,0,,,,,,,,,,,,,
1953,12/15/53,Martin,N,11,11,0,0,0,,,,,,,,,,,,,
1954,03/03/54,Martin,N,9,9,0,0,0,,,,,,,,,,,,,
1954,06/23/54,Martin,N,10,10,0,0,0,,,,,,,,,,,,,
1954,09/22/54,Martin,N,12,12,0,0,0,,,,,,,,,,,,,
1954,12/07/54,Martin,N,11,11,0,0,0,,,,,,,,,,,,,
1955,01/11/55,Martin,N,9,9,0,0,0,,,,,,,,,,,,,
1955,03/02/55,Martin,N,11,11,0,0,0,,,,,,,,,,,,,
1955,05/10/55,Martin,N,12,12,0,0,0,,,,,,,,,,,,,
1955,06/22/55,Martin,N,11,11,0,0,0,,,,,,,,,,,,,
1955,07/12/55,Martin,N,10,10,0,0,0,,,,,,,,,,,,,
1955,08/02/55,Martin,N,11,11,0,0,0,,,,,,,,,,,,,
1955,08/23/55,Martin,N,10,10,0,0,0,,,,,,,,,,,,,
1955,09/14/55,Martin,N,11,11,0,0,0,,,,,,,,,,,,,
1955,09/26/55,Martin,N,11,11,0,0,0,,,,,,,,,,,,,
1955,10/04/55,Martin,N,10,10,0,0,0,,,,,,,,,,,,,
1955,10/25/55,Martin,N,11,11,0,0,0,,,,,,,,,,,,,
1955,11/16/55,Martin,N,12,12,0,0,0,,,,,,,,,,,,,
1955,12/13/55,Martin,N,11,11,0,0,0,,,,,,,,,,,,,
1956,01/10/56,Martin,N,11,11,0,0,0,,,,,,,,,,,,,
1956,01/24/56,Martin,N,12,12,0,0,0,,,,,,,,,,,,,
1956,02/15/56,Martin,N,12,12,0,0,0,,,,,,,,,,,,,
1956,03/06/56,Martin,N,12,12,0,0,0,,,,,,,,,,,,,
1956,03/27/56,Martin,N,12,12,0,0,0,,,,,,,,,,,,,
1956,04/17/56,Martin,N,12,12,0,0,0,,,,,,,,,,,,,
1956,05/09/56,Martin,N,12,12,0,0,0,,,,,,,,,,,,,
1956,05/23/56,Martin,N,10,10,0,0,0,,,,,,,,,,,,,
1956,06/05/56,Martin,N,11,11,0,0,0,,,,,,,,,,,,,
1956,06/26/56,Martin,N,11,11,0,0,0,,,,,,,,,,,,,
1956,07/17/56,Martin,N,10,10,0,0,0,,,,,,,,,,,,,
1956,08/07/56,Martin,N,11,11,0,0,0,,,,,,,,,,,,,
1956,08/21/56,Martin,N,10,10,0,0,0,,,,,,,,,,,,,
1956,09/11/56,Martin,N,11,11,0,0,0,,,,,,,,,,,,,
1956,09/25/56,Martin,N,12,12,0,0,0,,,,,,,,,,,,,
1956,10/16/56,Martin,N,10,10,0,0,0,,,,,,,,,,,,,
1956,11/13/56,Martin,N,12,12,0,0,0,,,,,,,,,,,,,
1956,11/27/56,Martin,N,11,11,0,0,0,,,,,,,,,,,,,
1956,12/10/56,Martin,N,11,11,0,0,0,,,,,,,,,,,,,
1957,01/08/57,Martin,N,11,11,0,0,0,,,,,,,,,,,,,
1957,01/28/57,Martin,N,11,11,0,0,0,,,,,,,,,,,,,
1957,02/18/57,Martin,N,12,12,0,0,0,,,,,,,,,,,,,
1957,03/05/57,Martin,N,12,12,0,0,0,,,,,,,,,,,,,
1957,03/26/57,Martin,N,10,10,0,0,0,,,,,,,,,,,,,
1957,04/16/57,Martin,N,10,10,0,0,0,,,,,,,,,,,,,
1957,05/07/57,Martin,N,11,11,0,0,0,,,,,,,,,,,,,
1957,05/28/57,Martin,N,12,12,0,0,0,,,,,,,,,,,,,
1957,06/18/57,Martin,N,11,11,0,0,0,,,,,,,,,,,,,
1957,07/09/57,Martin,N,12,12,0,0,0,,,,,,,,,,,,,
1957,07/30/57,Martin,N,10,10,0,0,0,,,,,,,,,,,,,
1957,08/20/57,Martin,N,10,10,0,0,0,,,,,,,,,,,,,
1957,09/10/57,Martin,N,11,11,0,0,0,,,,,,,,,,,,,
1957,10/01/57,Martin,N,12,12,0,0,0,,,,,,,,,,,,,
1957,10/22/57,Martin,N,10,10,0,0,0,,,,,,,,,,,,,
1957,11/12/57,Martin,Y,10,9,1,1,0,1,,,,Robertson,,,,,,,,
1957,12/03/57,Martin,Y,11,10,1,1,0,1,,,,Robertson,,,,,,,,
1957,12/17/57,Martin,N,10,10,0,0,0,,,,,,,,,,,,,
1958,01/07/58,Martin,N,11,11,0,0,0,,,,,,,,,,,,,
1958,01/28/58,Martin,N,11,11,0,0,0,,,,,,,,,,,,,
1958,02/11/58,Martin,N,11,11,0,0,0,,,,,,,,,,,,,
1958,03/04/58,Martin,N,11,11,0,0,0,,,,,,,,,,,,,
1958,03/25/58,Martin,N,12,12,0,0,0,,,,,,,,,,,,,
1958,04/15/58,Martin,N,10,10,0,0,0,,,,,,,,,,,,,
1958,05/06/58,Martin,N,12,12,0,0,0,,,,,,,,,,,,,
1958,05/27/58,Martin,N,10,10,0,0,0,,,,,,,,,,,,,
1958,06/17/58,Martin,N,9,9,0,0,0,,,,,,,,,,,,,
1958,07/08/58,Martin,N,12,12,0,0,0,,,,,,,,,,,,,
1958,07/29/58,Martin,N,11,11,0,0,0,,,,,,,,,,,,,
1958,08/19/58,Martin,N,9,9,0,0,0,,,,,,,,,,,,,
1958,09/09/58,Martin,N,12,12,0,0,0,,,,,,,,,,,,,
1958,09/30/58,Martin,N,11,11,0,0,0,,,,,,,,,,,,,
1958,10/21/58,Martin,N,9,9,0,0,0,,,,,,,,,,,,,
1958,11/10/58,Martin,N,11,11,0,0,0,,,,,,,,,,,,,
1958,12/02/58,Martin,N,10,10,0,0,0,,,,,,,,,,,,,
1958,12/16/58,Martin,Y,10,9,1,0,1,,,,1,,Hayes,,,,,,,
1959,01/06/59,Martin,N,10,10,0,0,0,,,,,,,,,,,,,
1959,01/27/59,Martin,N,11,11,0,0,0,,,,,,,,,,,,,
1959,02/10/59,Martin,N,10,10,0,0,0,,,,,,,,,,,,,
1959,03/03/59,Martin,N,11,11,0,0,0,,,,,,,,,,,,,
1959,03/24/59,Martin,N,10,10,0,0,0,,,,,,,,,,,,,
1959,04/14/59,Martin,N,10,10,0,0,0,,,,,,,,,,,,,
1959,05/05/59,Martin,N,11,11,0,0,0,,,,,,,,,,,,,
1959,05/26/59,Martin,Y,12,11,1,1,0,,1,,,,Mills,,,,,,,
1959,06/16/59,Martin,N,9,9,0,0,0,,,,,,,,,,,,,
1959,07/07/59,Martin,N,11,11,0,0,0,,,,,,,,,,,,,
1959,07/28/59,Martin,N,10,10,0,0,0,,,,,,,,,,,,,
1959,08/18/59,Martin,N,10,10,0,0,0,,,,,,,,,,,,,
1959,09/01/59,Martin,N,12,12,0,0,0,,,,,,,,,,,,,
1959,09/22/59,Martin,N,12,12,0,0,0,,,,,,,,,,,,,
1959,10/13/59,Martin,N,11,11,0,0,0,,,,,,,,,,,,,
1959,11/04/59,Martin,Y,11,10,1,1,0,,1,,,,Mills,,,,,,,
1959,11/24/59,Martin,Y,11,10,1,1,0,,1,,,,Mills,,,,,,,
1959,12/15/59,Martin,Y,12,11,1,1,0,,1,,,,Mills,,,,,,,
1960,01/12/60,Martin,Y,12,11,1,1,0,,1,,,,Mills,,,,,,,
1960,01/26/60,Martin,Y,12,11,1,1,0,,1,,,,Mills,,,,,,,
1960,02/09/60,Martin,Y,12,11,1,1,0,,1,,,,Mills,,,,,,,
1960,03/01/60,Martin,N,12,12,0,0,0,,,,,,,,,,,,,
1960,03/22/60,Martin,N,11,11,0,0,0,,,,,,,,,,,,,
1960,04/12/60,Martin,N,11,11,0,0,0,,,,,,,,,,,,,
1960,05/03/60,Martin,N,11,11,0,0,0,,,,,,,,,,,,,
1960,05/24/60,Martin,N,11,11,0,0,0,,,,,,,,,,,,,
1960,06/14/60,Martin,N,11,11,0,0,0,,,,,,,,,,,,,
1960,07/06/60,Martin,N,12,12,0,0,0,,,,,,,,,,,,,
1960,07/26/60,Martin,N,10,10,0,0,0,,,,,,,,,,,,,
1960,08/16/60,Martin,Y,11,7,4,3,1,3,,1,,"King, Shepardson, Szymczak, Allen",,,,,,,,
1960,09/13/60,Martin,N,12,12,0,0,0,,,,,,,,,,,,,
1960,10/04/60,Martin,N,12,12,0,0,0,,,,,,,,,,,,,
1960,10/25/60,Martin,N,11,11,0,0,0,,,,,,,,,,,,,
1960,11/22/60,Martin,N,12,12,0,0,0,,,,,,,,,,,,,
1960,12/13/60,Martin,N,12,12,0,0,0,,,,,,,,,,,,,
1961,01/10/61,Martin,N,12,12,0,0,0,,,,,,,,,,,,,
1961,01/24/61,Martin,N,12,12,0,0,0,,,,,,,,,,,,,
1961,02/07/61,Martin,N,12,12,0,0,0,,,,,,,,,,,,,
1961,03/07/61,Martin,N,12,12,0,0,0,,,,,,,,,,,,,
1961,03/28/61,Martin,N,12,12,0,0,0,,,,,,,,,,,,,
1961,04/18/61,Martin,N,10,10,0,0,0,,,,,,,,,,,,,
1961,05/09/61,Martin,N,10,10,0,0,0,,,,,,,,,,,,,
1961,06/06/61,Martin,N,11,11,0,0,0,,,,,,,,,,,,,
1961,06/20/61,Martin,N,10,10,0,0,0,,,,,,,,,,,,,
1961,07/11/61,Martin,N,11,11,0,0,0,,,,,,,,,,,,,
1961,08/01/61,Martin,N,10,10,0,0,0,,,,,,,,,,,,,
1961,08/22/61,Martin,N,10,10,0,0,0,,,,,,,,,,,,,
1961,09/12/61,Martin,N,11,11,0,0,0,,,,,,,,,,,,,
1961,10/03/61,Martin,Y,11,10,1,1,0,1,,,,Mills,,,,,,,,
1961,10/24/61,Martin,N,11,11,0,0,0,,,,,,,,,,,,,
1961,11/14/61,Martin,N,10,10,0,0,0,,,,,,,,,,,,,
1961,12/05/61,Martin,N,12,12,0,0,0,,,,,,,,,,,,,
1961,12/19/61,Martin,Y,12,8,4,4,0,1,2,,,Mills,"King, Mitchell",Robertson,,,,,,
1962,01/09/62,Martin,N,12,12,0,0,0,,,,,,,,,,,,,
1962,01/23/62,Martin,N,12,12,0,0,0,,,,,,,,,,,,,
1962,02/13/62,Martin,N,12,12,0,0,0,,,,,,,,,,,,,
1962,03/06/62,Martin,N,10,10,0,0,0,,,,,,,,,,,,,
1962,03/27/62,Martin,Y,11,10,1,1,0,1,,,,Mills,,,,,,,,
1962,04/17/62,Martin,Y,12,11,1,0,1,,,1,,Hayes,,,,,,,,
1962,05/08/62,Martin,Y,12,11,1,1,0,1,,,,Mills,,,,,,,,
1962,05/29/62,Martin,N,12,12,0,0,0,,,,,,,,,,,,,
1962,06/19/62,Martin,Y,11,9,2,2,0,,2,,,,"King, Robertson",,,,,,,
1962,07/10/62,Martin,Y,12,10,2,2,0,,2,,,,"Mitchell, Robertson",,,,,,,
1962,07/31/62,Martin,Y,12,10,2,2,0,,2,,,,"Mitchell, Robertson",,,,,,,
1962,08/21/62,Martin,Y,11,9,2,1,1,,1,,1,,"Mitchell, Bopp",,,,,,,
1962,09/11/62,Martin,Y,12,9,3,3,0,,3,,,,"MIlls, Mitchell, Robertson",,,,,,,
1962,10/02/62,Martin,Y,10,8,2,2,0,,2,,,,"Mills, Mitchell",,,,,,,
1962,10/23/62,Martin,N,11,11,0,0,0,,,,,,,,,,,,,
1962,11/13/62,Martin,Y,11,10,1,0,1,,,1,,Hayes,,,,,,,,
1962,12/04/62,Martin,Y,12,11,1,0,1,,,1,,Hayes,,,,,,,,
1962,12/18/62,Martin,Y,12,7,5,3,2,,1,,,,Robertson,"Bryan, Deming, Mills, Mitchell",,,,,,
1963,01/08/63,Martin,Y,11,10,1,1,0,,1,,,,Robertson,,,,,,,
1963,01/29/63,Martin,N,11,11,0,0,0,,,,,,,,,,,,,
1963,02/12/63,Martin,N,10,10,0,0,0,,,,,,,,,,,,,
1963,03/05/63,Martin,N,11,11,0,0,0,,,,,,,,,,,,,
1963,03/26/63,Martin,Y,12,11,1,0,1,,,1,,Hayes,,,,,,,,
1963,04/16/63,Martin,Y,12,10,2,1,1,,1,1,,Treiber,Mills,,,,,,,
1963,05/07/63,Martin,Y,11,6,5,2,3,,,,,,,"Bopp, Clay, Mitchell, Robertson, Scanlon",,,,,,
1963,05/28/63,Martin,Y,11,10,1,1,0,,1,,,,Mitchell,,,,,,,
1963,06/18/63,Martin,Y,10,7,3,2,1,1,1,1,,"Hayes, Balderston",Mitchell,,,,,,,
1963,07/09/63,Martin,Y,12,10,2,2,0,,2,,,,"Mitchell, Robertson",,,,,,,
1963,07/30/63,Martin,Y,10,6,4,2,2,,,,,,,"Bopp, Mitchell, Robertson, Scanlon",,,,,,
1963,08/20/63,Martin,N,11,11,0,0,0,,,,,,,,,,,,,
1963,09/10/63,Martin,N,11,11,0,0,0,,,,,,,,,,,,,
1963,10/01/63,Martin,Y,11,7,4,3,1,3,,1,,"Hayes, Balderston, Mills, Shepardson",,,,,,,,
1963,10/22/63,Martin,N,11,11,0,0,0,,,,,,,,,,,,,
1963,11/12/63,Martin,Y,11,10,1,1,0,,1,,,,Mills,,,,,,,
1963,11/26/63,Martin,Y,11,10,1,1,0,,1,,,,Mills,,,,,,,
1963,12/03/63,Martin,Y,11,10,1,1,0,,1,,,,Mills,,,,,,,
1963,12/17/63,Martin,Y,11,9,2,1,1,,1,1,,Hayes,Mills,,,,,,,
1964,01/07/64,Martin,Y,12,11,1,1,0,,1,,,,Mills,,,,,,,
1964,01/28/64,Martin,N,10,10,0,0,0,,,,,,,,,,,,,
1964,02/11/64,Martin,N,11,11,0,0,0,,,,,,,,,,,,,
1964,03/03/64,Martin,Y,12,11,1,1,0,,1,,,,Mills,,,,,,,
1964,03/24/64,Martin,Y,12,11,1,1,0,,1,,,,Mills,,,,,,,
1964,04/14/64,Martin,Y,11,8,3,2,1,2,,1,,"Balderston, Hickman, Shepardson",,,,,,,,
1964,05/05/64,Martin,N,12,12,0,0,0,,,,,,,,,,,,,
1964,05/26/64,Martin,N,11,11,0,0,0,,,,,,,,,,,,,
1964,06/17/64,Martin,Y,10,9,1,1,0,,1,,,,Mills,,,,,,,
1964,07/07/64,Martin,N,11,11,0,0,0,,,,,,,,,,,,,
1964,07/28/64,Martin,N,12,12,0,0,0,,,,,,,,,,,,,
1964,08/18/64,Martin,Y,11,6,5,3,2,,3,,2,,"Daane, Mitchell, Robertson, Swan, Wayne",,,,,,,
1964,09/08/64,Martin,N,10,10,0,0,0,,,,,,,,,,,,,
1964,09/29/64,Martin,N,12,12,0,0,0,,,,,,,,,,,,,
1964,10/20/64,Martin,N,12,12,0,0,0,,,,,,,,,,,,,
1964,11/10/64,Martin,Y,12,11,1,0,1,,,1,,Hayes,,,,,,,,
1964,12/01/64,Martin,N,10,10,0,0,0,,,,,,,,,,,,,
1964,12/15/64,Martin,Y,11,10,1,1,0,1,,,,Mills,,,,,,,,
1965,01/12/65,Martin,N,11,11,0,0,0,,,,,,,,,,,,,
1965,02/02/65,Martin,Y,12,10,2,2,0,,2,,,,"Mitchell, Robertson",,,,,,,
1965,03/02/65,Martin,Y,11,8,3,2,1,2,,1,,"Balderston, Ellis, Shepardson",,,,,,,,
1965,03/23/65,Martin,Y,11,8,3,2,1,,2,,1,,"Mitchell, Robertson, Clay",,,,,,,
1965,04/13/65,Martin,N,11,11,0,0,0,,,,,,,,,,,,,
1965,05/11/65,Martin,N,11,11,0,0,0,,,,,,,,,,,,,
1965,05/25/65,Martin,Y,12,8,4,2,2,2,,2,,"Hayes, Balderston, Ellis, Shepardson",,,,,,,,
1965,06/15/65,Martin,N,11,11,0,0,0,,,,,,,,,,,,,
1965,07/13/65,Martin,Y,12,11,1,0,1,,,1,,Ellis,,,,,,,,
1965,08/10/65,Martin,N,11,11,0,0,0,,,,,,,,,,,,,
1965,08/31/65,Martin,Y,12,11,1,0,1,,,1,,Treiber,,,,,,,,
1965,09/28/65,Martin,Y,12,9,3,3,0,,3,,,,"Maisel, Mitchell, Robertson",,,,,,,
1965,10/12/65,Martin,N,12,12,0,0,0,,,,,,,,,,,,,
1965,11/02/65,Martin,N,12,12,0,0,0,,,,,,,,,,,,,
1965,11/23/65,Martin,N,12,12,0,0,0,,,,,,,,,,,,,
1965,12/14/65,Martin,N,11,11,0,0,0,,,,,,,,,,,,,
1966,01/11/66,Martin,N,12,12,0,0,0,,,,,,,,,,,,,
1966,02/08/66,Martin,N,12,12,0,0,0,,,,,,,,,,,,,
1966,03/01/66,Martin,N,11,11,0,0,0,,,,,,,,,,,,,
1966,03/22/66,Martin,N,12,12,0,0,0,,,,,,,,,,,,,
1966,04/12/66,Martin,N,11,11,0,0,0,,,,,,,,,,,,,
1966,05/10/66,Martin,N,12,12,0,0,0,,,,,,,,,,,,,
1966,06/07/66,Martin,N,11,11,0,0,0,,,,,,,,,,,,,
1966,06/28/66,Martin,N,10,10,0,0,0,,,,,,,,,,,,,
1966,07/26/66,Martin,N,10,10,0,0,0,,,,,,,,,,,,,
1966,08/23/66,Martin,N,10,10,0,0,0,,,,,,,,,,,,,
1966,09/13/66,Martin,N,12,12,0,0,0,,,,,,,,,,,,,
1966,10/04/66,Martin,N,12,12,0,0,0,,,,,,,,,,,,,
1966,11/01/66,Martin,N,12,12,0,0,0,,,,,,,,,,,,,
1966,11/22/66,Martin,Y,12,10,2,1,1,,1,,1,,"Hayes, Daane",,,,,,,
1966,12/13/66,Martin,Y,12,8,4,2,2,,2,,2,,"Hayes, Daane, Irons, Shepardson",,,,,,,
1967,01/10/67,Martin,Y,12,9,3,1,2,1,,2,,"Irons, Shepardson, Treiber",,,,,,,,
1967,02/07/67,Martin,Y,12,11,1,1,0,,1,,,,Mitchell,,,,,,,
1967,03/07/67,Martin,N,12,12,0,0,0,,,,,,,,,,,,,
1967,04/04/67,Martin,N,12,12,0,0,0,,,,,,,,,,,,,
1967,05/02/67,Martin,N,12,12,0,0,0,,,,,,,,,,,,,
1967,05/23/67,Martin,Y,12,11,1,0,1,,,1,,Francis,,,,,,,,
1967,06/20/67,Martin,N,11,11,0,0,0,,,,,,,,,,,,,
1967,07/18/67,Martin,N,10,10,0,0,0,,,,,,,,,,,,,
1967,08/15/67,Martin,N,11,11,0,0,0,,,,,,,,,,,,,
1967,09/12/67,Martin,Y,12,9,3,0,3,,,3,,"Hayes, Francis, Scanlon",,,,,,,,
1967,10/03/67,Martin,Y,11,9,2,0,2,,,2,,"Francis, Scanlon",,,,,,,,
1967,10/24/67,Martin,Y,11,10,1,0,1,,,1,,Francis,,,,,,,,
1967,11/14/67,Martin,N,12,12,0,0,0,,,,,,,,,,,,,
1967,11/27/67,Martin,N,9,9,0,0,0,,,,,,,,,,,,,
1967,12/12/67,Martin,Y,11,10,1,1,0,,1,,,,Maisel,,,,,,,
1968,01/09/68,Martin,N,12,12,0,0,0,,,,,,,,,,,,,
1968,02/06/68,Martin,N,12,12,0,0,0,,,,,,,,,,,,,
1968,03/05/68,Martin,N,11,11,0,0,0,,,,,,,,,,,,,
1968,03/14/68,Martin,N,12,12,0,0,0,,,,,,,,,,,,,
1968,04/02/68,Martin,N,12,12,0,0,0,,,,,,,,,,,,,
1968,04/19/68,Martin,N,11,11,0,0,0,,,,,,,,,,,,,
1968,04/30/68,Martin,Y,11,10,1,0,1,,,1,,Hickman,,,,,,,,
1968,05/28/68,Martin,N,12,12,0,0,0,,,,,,,,,,,,,
1968,06/18/68,Martin,N,12,12,0,0,0,,,,,,,,,,,,,
1968,07/16/68,Martin,N,12,12,0,0,0,,,,,,,,,,,,,
1968,08/13/68,Martin,N,12,12,0,0,0,,,,,,,,,,,,,
1968,08/19/68,Martin,N,10,10,0,0,0,,,,,,,,,,,,,
1968,09/10/68,Martin,N,12,12,0,0,0,,,,,,,,,,,,,
1968,10/08/68,Martin,Y,12,9,3,0,3,,,3,,"Hayes, Hickman, Kimbrel",,,,,,,,
1968,10/29/68,Martin,Y,12,11,1,0,1,,,1,,Hayes,,,,,,,,
1968,11/26/68,Martin,Y,12,8,4,0,4,,,4,,"Hayes, Hickman, Kimbrel, Morris",,,,,,,,
1968,12/17/68,Martin,N,11,11,0,0,0,,,,,,,,,,,,,
1969,01/14/69,Martin,Y,12,11,1,0,1,,,,1,,Morris,,,,,,,
1969,02/04/69,Martin,N,12,12,0,0,0,,,,,,,,,,,,,
1969,03/04/69,Martin,N,12,12,0,0,0,,,,,,,,,,,,,
1969,04/01/69,Martin,Y,12,10,2,1,1,,1,1,,Coldwell,Maisel,,,,,,,
1969,04/29/69,Martin,N,11,11,0,0,0,,,,,,,,,,,,,
1969,05/27/69,Martin,N,12,12,0,0,0,,,,,,,,,,,,,
1969,06/24/69,Martin,Y,12,11,1,1,0,,1,,,,Maisel,,,,,,,
1969,07/15/69,Martin,N,11,11,0,0,0,,,,,,,,,,,,,
1969,08/12/69,Martin,Y,12,10,2,2,0,,2,,,,"Maisel, Mitchell",,,,,,,
1969,09/09/69,Martin,Y,10,8,2,2,0,,2,,,,"Maisel, Mitchell",,,,,,,
1969,10/07/69,Martin,Y,12,11,1,1,0,,1,,,,Maisel,,,,,,,
1969,10/28/69,Martin,N,12,12,0,0,0,,,,,,,,,,,,,
1969,11/25/69,Martin,N,11,11,0,0,0,,,,,,,,,,,,,
1969,12/16/69,Martin,N,11,11,0,0,0,,,,,,,,,,,,,
1970,01/15/70,Martin,N,12,12,0,0,0,,,,,,,,,,,,,
1970,02/10/70,Burns,Y,12,9,3,1,2,1,,2,,"Hayes, Brimmer, Coldwell",,,,,,,,
1970,03/10/70,Burns,N,12,12,0,0,0,,,,,,,,,,,,,
1970,04/07/70,Burns,N,12,12,0,0,0,,,,,,,,,,,,,
1970,05/05/70,Burns,Y,12,11,1,0,1,,,1,,Francis,,,,,,,,
1970,05/26/70,Burns,N,12,12,0,0,0,,,,,,,,,,,,,
1970,06/23/70,Burns,N,12,12,0,0,0,,,,,,,,,,,,,
1970,07/21/70,Burns,N,11,11,0,0,0,,,,,,,,,,,,,
1970,08/18/70,Burns,Y,12,9,3,1,2,1,,2,,"Hayes, Brimmer, Francis",,,,,,,,
1970,09/15/70,Burns,Y,11,10,1,0,1,,,1,,Hayes,,,,,,,,
1970,10/20/70,Burns,Y,11,10,1,0,1,,,1,,Hayes,,,,,,,,
1970,11/17/70,Burns,Y,12,11,1,1,0,,1,,,,Maisel,,,,,,,
1970,12/15/70,Burns,Y,12,11,1,0,1,,,1,,Francis,,,,,,,,
1971,01/12/71,Burns,Y,11,10,1,0,1,,,1,,Francis,,,,,,,,
1971,02/09/71,Burns,Y,11,10,1,0,1,,,1,,Francis,,,,,,,,
1971,03/09/71,Burns,N,12,12,0,0,0,,,,,,,,,,,,,
1971,04/06/71,Burns,Y,11,9,2,0,2,,,2,,"Hayes, Kimbrel",,,,,,,,
1971,05/11/71,Burns,N,12,12,0,0,0,,,,,,,,,,,,,
1971,06/08/71,Burns,N,12,12,0,0,0,,,,,,,,,,,,,
1971,06/29/71,Burns,N,12,12,0,0,0,,,,,,,,,,,,,
1971,07/27/71,Burns,N,12,12,0,0,0,,,,,,,,,,,,,
1971,08/24/71,Burns,N,12,12,0,0,0,,,,,,,,,,,,,
1971,09/21/71,Burns,N,12,12,0,0,0,,,,,,,,,,,,,
1971,10/19/71,Burns,N,11,11,0,0,0,,,,,,,,,,,,,
1971,11/16/71,Burns,N,11,11,0,0,0,,,,,,,,,,,,,
1971,12/14/71,Burns,N,11,11,0,0,0,,,,,,,,,,,,,
1972,01/11/72,Burns,Y,12,9,3,1,2,,,2,,"Hayes, Kimbrel",,Brimmer,,,,,,
1972,02/15/72,Burns,Y,12,11,1,0,1,,,1,,Hayes,,,,,,,,
1972,03/21/72,Burns,N,12,12,0,0,0,,,,,,,,,,,,,
1972,04/18/72,Burns,N,12,12,0,0,0,,,,,,,,,,,,,
1972,05/23/72,Burns,N,10,10,0,0,0,,,,,,,,,,,,,
1972,06/20/72,Burns,N,12,12,0,0,0,,,,,,,,,,,,,
1972,07/18/72,Burns,Y,11,10,1,0,1,,,1,,Coldwell,,,,,,,,
1972,08/15/72,Burns,N,12,12,0,0,0,,,,,,,,,,,,,
1972,09/19/72,Burns,Y,12,10,2,1,1,1,,1,,"MacLaury, Robertson",,,,,,,,
1972,10/17/72,Burns,N,12,12,0,0,0,,,,,,,,,,,,,
1972,11/21/72,Burns,N,12,12,0,0,0,,,,,,,,,,,,,
1972,12/19/72,Burns,N,12,12,0,0,0,,,,,,,,,,,,,
1973,01/16/73,Burns,N,12,12,0,0,0,,,,,,,,,,,,,
1973,02/13/73,Burns,N,11,11,0,0,0,,,,,,,,,,,,,
1973,03/20/73,Burns,N,12,12,0,0,0,,,,,,,,,,,,,
1973,04/17/73,Burns,N,12,12,0,0,0,,,,,,,,,,,,,
1973,05/15/73,Burns,N,10,10,0,0,0,,,,,,,,,,,,,
1973,06/19/73,Burns,N,12,12,0,0,0,,,,,,,,,,,,,
1973,07/17/73,Burns,Y,11,10,1,0,1,,,,,,,Francis,,,,,,
1973,08/21/73,Burns,Y,11,10,1,0,1,,,,,,,Francis,,,,,,
1973,09/18/73,Burns,N,11,11,0,0,0,,,,,,,,,,,,,
1973,10/02/73,Burns,Y,11,6,5,2,3,,2,,3,,"Balles, Bucher, Francis, Morris, Sheehan",,,,,,,
1973,10/10/73,Burns,N,12,12,0,0,0,,,,,,,,,,,,,
1973,10/16/73,Burns,N,12,12,0,0,0,,,,,,,,,,,,,
1973,11/20/73,Burns,Y,12,11,1,0,1,,,,1,,Morris,,,,,,,
1973,12/18/73,Burns,Y,12,11,1,0,1,,,1,,Hayes,,,,,,,,
1974,01/22/74,Burns,Y,12,10,2,0,2,,,2,,"Hayes, Francis",,,,,,,,
1974,02/20/74,Burns,Y,12,8,4,2,2,,2,1,1,Francis,"Bucher, Morris, Sheehan",,,,,,,
1974,03/19/74,Burns,N,12,12,0,0,0,,,,,,,,,,,,,
1974,04/16/74,Burns,N,12,12,0,0,0,,,,,,,,,,,,,
1974,05/21/74,Burns,N,12,12,0,0,0,,,,,,,,,,,,,
1974,06/18/74,Burns,Y,12,11,1,0,1,,,1,,Clay,,,,,,,,
1974,07/16/74,Burns,Y,11,10,1,1,0,,1,,,,Bucher,,,,,,,
1974,08/20/74,Burns,N,11,11,0,0,0,,,,,,,,,,,,,
1974,09/10/74,Burns,Y,11,10,1,0,1,,,1,,Hayes,,,,,,,,
1974,10/15/74,Burns,Y,11,10,1,0,1,,,1,,Clay,,,,,,,,
1974,11/19/74,Burns,N,12,12,0,0,0,,,,,,,,,,,,,
1974,12/17/74,Burns,Y,12,10,2,2,0,,2,,,,"Mitchell, Wallich",,,,,,,
1975,01/21/75,Burns,N,12,12,0,0,0,,,,,,,,,,,,,
1975,02/19/75,Burns,N,11,11,0,0,0,,,,,,,,,,,,,
1975,03/18/75,Burns,Y,12,9,3,2,1,,2,,1,,"Bucher, Eastburn, Sheehan",,,,,,,
1975,04/15/75,Burns,Y,10,9,1,0,1,,,,1,,Eastburn,,,,,,,
1975,05/20/75,Burns,N,11,11,0,0,0,,,,,,,,,,,,,
1975,06/17/75,Burns,Y,11,9,2,2,0,,2,,,,"Bucher, Coldwell",,,,,,,
1975,07/15/75,Burns,Y,11,10,1,1,0,,1,,,,Holland,,,,,,,
1975,08/19/75,Burns,N,12,12,0,0,0,,,,,,,,,,,,,
1975,09/16/75,Burns,N,12,12,0,0,0,,,,,,,,,,,,,
1975,10/21/75,Burns,N,11,11,0,0,0,,,,,,,,,,,,,
1975,11/18/75,Burns,Y,12,9,3,1,2,1,,1,1,"Volcker, Jackson",Eastburn,,,,,,,
1975,12/16/75,Burns,N,11,11,0,0,0,,,,,,,,,,,,,
1976,01/20/76,Burns,N,12,12,0,0,0,,,,,,,,,,,,,
1976,02/18/76,Burns,N,11,11,0,0,0,,,,,,,,,,,,,
1976,03/16/76,Burns,N,12,12,0,0,0,,,,,,,,,,,,,
1976,04/20/76,Burns,N,11,11,0,0,0,,,,,,,,,,,,,
1976,05/18/76,Burns,Y,11,10,1,1,0,,1,,,,Coldwell,,,,,,,
1976,06/22/76,Burns,N,12,12,0,0,0,,,,,,,,,,,,,
1976,07/20/76,Burns,Y,12,11,1,0,1,,,,,,,Volcker,,,,,,
1976,08/17/76,Burns,N,12,12,0,0,0,,,,,,,,,,,,,
1976,09/21/76,Burns,N,11,11,0,0,0,,,,,,,,,,,,,
1976,10/19/76,Burns,N,12,12,0,0,0,,,,,,,,,,,,,
1976,11/16/76,Burns,N,12,12,0,0,0,,,,,,,,,,,,,
1976,12/21/76,Burns,N,12,12,0,0,0,,,,,,,,,,,,,
1977,01/18/77,Burns,N,12,11,1,0,1,,,1,,Balles,,,,,,,,
1977,02/15/77,Burns,N,12,12,0,0,0,,,,,,,,,,,,,
1977,03/15/77,Burns,N,12,12,0,0,0,,,,,,,,,,,,,
1977,04/19/77,Burns,N,12,12,0,0,0,,,,,,,,,,,,,
1977,05/17/77,Burns,N,12,12,0,0,0,,,,,,,,,,,,,
1977,06/21/77,Burns,Y,12,11,1,1,0,,1,,,,Coldwell,,,,,,,
1977,07/19/77,Burns,Y,12,12,0,0,0,,,,,,,,,,,,,
1977,08/16/77,Burns,N,12,12,0,0,0,,,,,,,,,,,,,
1977,09/20/77,Burns,Y,12,8,4,2,2,,2,2,,"Morris, Roos","Lilly, Wallich",,,,,,,
1977,10/18/77,Burns,Y,12,11,1,0,1,,,1,,Morris,,,,,,,,
1977,11/15/77,Burns,N,12,12,0,0,0,,,,,,,,,,,,,
1977,12/20/77,Burns,Y,12,11,1,0,1,,,1,,Roos,,,,,,,,
1978,01/17/78,Burns,Y,11,11,0,0,0,,,,,,,,,,,,,
1978,02/28/78,Burns,N,10,10,0,0,0,,,,,,,,,,,,,
1978,03/10/78,Miller,N,10,10,0,0,0,,,,,,,,,,,,,
1978,03/21/78,Miller,N,10,10,0,0,0,,,,,,,,,,,,,
1978,04/18/78,Miller,N,11,11,0,0,0,,,,,,,,,,,,,
1978,05/05/78,Miller,Y,10,8,2,0,2,,,2,,"Black, Willes",,,,,,,,
1978,05/16/78,Miller,Y,11,10,1,0,1,,,1,,Willes,,,,,,,,
1978,06/20/78,Miller,Y,11,9,2,0,2,,,2,,"Willes, Winn",,,,,,,,
1978,07/18/78,Miller,Y,10,7,3,0,3,,,3,,"Baughman, Willes, Winn",,,,,,,,
1978,08/15/78,Miller,Y,11,9,2,1,1,,1,1,,Willes,Partee,,,,,,,
1978,09/08/78,Miller,N,10,10,0,0,0,,,,,,,,,,,,,
1978,09/19/78,Miller,Y,12,10,2,1,1,1,,1,,"Wallich, Willes",,,,,,,,
1978,10/17/78,Miller,Y,11,9,2,1,1,,1,1,,Willes,Teeters,,,,,,,
1978,11/21/78,Miller,N,10,10,0,0,0,,,,,,,,,,,,,
1978,12/19/78,Miller,Y,10,8,2,2,0,1,1,,,Wallich,Teeters,,,,,,,
1979,02/06/79,Miller,Y,10,9,1,1,0,1,,,,Coldwell,,,,,,,,
1979,03/02/79,Miller,N,10,10,0,0,0,,,,,,,,,,,,,
1979,03/20/79,Miller,Y,10,6,4,2,2,2,,2,,"Volcker, Coldwell, Kimbrel, Wallich",,,,,,,,
1979,04/17/79,Miller,Y,10,7,3,2,1,2,,1,,"Volcker, Coldwell, Wallich",,,,,,,,
1979,05/22/79,Miller,Y,10,7,3,2,1,1,1,,1,Wallich,"Balles, Partee",,,,,,,
1979,07/11/79,Miller,N,11,11,0,0,0,,,,,,,,,,,,,
1979,08/14/79,Volcker,Y,12,10,2,1,1,,1,1,,Black,Rice,,,,,,,
1979,09/18/79,Volcker,Y,12,8,4,2,2,1,1,2,,"Balles, Black, Coldwell",Rice,,,,,,,
1979,10/06/79,Volcker,N,12,12,0,0,0,,,,,,,,,,,,,
1979,11/20/79,Volcker,N,12,12,0,0,0,,,,,,,,,,,,,
1980,01/09/80,Volcker,N,12,12,0,0,0,,,,,,,,,,,,,
1980,02/05/80,Volcker,Y,12,10,2,2,0,2,,,,"Coldwell, Wallich",,,,,,,,
1980,02/22/80,Volcker,N,11,11,0,0,0,,,,,,,,,,,,,
1980,03/07/80,Volcker,N,11,11,0,0,0,,,,,,,,,,,,,
1980,03/18/80,Volcker,Y,11,10,1,1,0,1,,,,Wallich,,,,,,,,
1980,04/22/80,Volcker,Y,11,10,1,1,0,1,,,,Wallich,,,,,,,,
1980,05/06/80,Volcker,Y,10,7,3,1,2,1,,2,,"Guffey, Solomon, Wallich",,,,,,,,
1980,05/20/80,Volcker,Y,11,9,2,1,1,,1,,1,,"Partee, Roos",,,,,,,
1980,07/09/80,Volcker,N,12,12,0,0,0,,,,,,,,,,,,,
1980,08/12/80,Volcker,N,12,12,0,0,0,,,,,,,,,,,,,
1980,09/16/80,Volcker,Y,12,8,4,1,3,1,,3,,"Guffey, Roos, Wallich, Winn",,,,,,,,
1980,10/21/80,Volcker,Y,12,8,4,1,3,1,,3,,"Morris, Roos, Wallich, Winn",,,,,,,,
1980,11/18/80,Volcker,Y,12,10,2,1,1,,1,1,,Winn,Teeters,,,,,,,
1980,11/26/80,Volcker,Y,11,10,1,1,0,,1,,,,Teeters,,,,,,,
1980,12/05/80,Volcker,Y,11,9,2,2,0,1,1,,,Wallich,Teeters,,,,,,,
1980,12/12/80,Volcker,Y,11,10,1,1,0,,1,,,,Teeters,,,,,,,
1980,12/19/80,Volcker,Y,12,10,2,2,0,1,1,,,Wallich,Teeters,,,,,,,
1981,02/03/81,Volcker,Y,12,10,2,2,0,1,1,,,Wallich,Teeters,,,,,,,
1981,02/24/81,Volcker,Y,10,9,1,0,1,,,,1,,Roos,,,,,,,
1981,03/31/81,Volcker,Y,11,10,1,1,0,1,,,,Wallich,,,,,,,,
1981,05/06/81,Volcker,N,9,9,0,0,0,,,,,,,,,,,,,
1981,05/18/81,Volcker,N,12,12,0,0,0,,,,,,,,,,,,,
1981,07/07/81,Volcker,Y,12,11,1,1,0,,1,,,,Partee,,,,,,,
1981,08/18/81,Volcker,Y,12,11,1,1,0,,1,,,,Partee,,,,,,,
1981,10/06/81,Volcker,Y,12,11,1,1,0,1,,,,Wallich,,,,,,,,
1981,11/17/81,Volcker,N,12,12,0,0,0,,,,,,,,,,,,,
1981,12/22/81,Volcker,Y,12,10,2,0,2,,,1,,Boykin,,Solomon,,,,,,
1982,02/02/82,Volcker,N,12,12,0,0,0,,,,,,,,,,,,,
1982,03/30/82,Volcker,Y,11,9,2,1,1,1,,1,,"Black, Wallich",,,,,,,,
1982,05/18/82,Volcker,Y,12,11,1,1,0,,1,,,,Teeters,,,,,,,
1982,07/01/82,Volcker,Y,12,8,4,2,2,1,1,2,,"Wallich, Black, Ford",Teeters,,,,,,,
1982,08/24/82,Volcker,Y,11,10,1,1,0,1,,,,Wallich,,,,,,,,
1982,10/05/82,Volcker,Y,12,9,3,0,3,,,2,,"Black, Ford",,Horn,,,,,,
1982,11/16/82,Volcker,Y,12,11,1,0,1,,,1,,Ford,,,,,,,,
1982,12/21/82,Volcker,Y,12,10,2,0,2,,,2,,"Black, Ford",,,,,,,,
1983,02/09/83,Volcker,Y,12,11,1,0,1,,,1,,Ford,,,,,,,,
1983,03/29/83,Volcker,N,12,12,0,0,0,,,,,,,,,,,,,
1983,05/24/83,Volcker,Y,12,7,5,2,3,,2,,3,,"Solomon, Guffey, Morris, Rice, Teeters",,,,,,,
1983,07/13/83,Volcker,Y,12,10,2,2,0,1,1,,,Wallich,Teeters,,,,,,,
1983,08/23/83,Volcker,N,12,12,0,0,0,,,,,,,,,,,,,
1983,10/04/83,Volcker,N,12,12,0,0,0,,,,,,,,,,,,,
1983,11/15/83,Volcker,N,12,12,0,0,0,,,,,,,,,,,,,
1983,12/20/83,Volcker,Y,12,11,1,1,0,,1,,,,Martin,,,,,,,
1984,01/31/84,Volcker,N,12,12,0,0,0,,,,,,,,,,,,,
1984,03/27/84,Volcker,Y,12,9,3,3,0,2,1,,,"Gramley, Wallich",Martin,,,,,,,
1984,05/22/84,Volcker,Y,11,10,1,0,1,,,1,,Boykin,,,,,,,,
1984,07/17/84,Volcker,Y,12,11,1,1,0,,1,,,,Martin,,,,,,,
1984,08/21/84,Volcker,Y,12,11,1,1,0,1,,,,Wallich,,,,,,,,
1984,10/02/84,Volcker,Y,12,9,3,3,0,,3,,,,"Martin, Rice, Seger",,,,,,,
1984,11/07/84,Volcker,Y,12,11,1,1,0,1,,,,Gramley,,,,,,,,
1984,12/18/84,Volcker,Y,12,10,2,1,1,1,,1,,"Solomon, Gramley",,,,,,,,
1985,02/13/85,Volcker,N,12,12,0,0,0,,,,,,,,,,,,,
1985,03/26/85,Volcker,N,12,12,0,0,0,,,,,,,,,,,,,
1985,05/21/85,Volcker,Y,12,11,1,0,1,,,1,,Black,,,,,,,,
1985,07/10/85,Volcker,Y,11,9,2,1,1,,1,1,,Black,Seger,,,,,,,
1985,08/20/85,Volcker,Y,11,9,2,1,1,,1,1,,Black,Seger,,,,,,,
1985,10/01/85,Volcker,Y,11,10,1,0,1,,,1,,Black,,,,,,,,
1985,11/05/85,Volcker,Y,10,9,1,1,0,,1,,,,Seger,,,,,,,
1985,12/17/85,Volcker,Y,10,9,1,0,1,,,1,,Black,,,,,,,,
1986,02/12/86,Volcker,Y,12,10,2,2,0,,2,,,,"Martin, Seger",,,,,,,
1986,04/01/86,Volcker,N,11,11,0,0,0,,,,,,,,,,,,,
1986,05/20/86,Volcker,Y,11,10,1,1,0,1,,,,Wallich,,,,,,,,
1986,07/09/86,Volcker,Y,11,10,1,0,1,,,1,,Melzer,,,,,,,,
1986,08/19/86,Volcker,Y,12,10,2,1,1,1,,1,,"Melzer, Wallich",,,,,,,,
1986,09/23/86,Volcker,Y,12,11,1,1,0,1,,,,Wallich,,,,,,,,
1986,11/05/86,Volcker,N,11,11,0,0,0,,,,,,,,,,,,,
1986,12/16/86,Volcker,N,10,10,0,0,0,,,,,,,,,,,,,
1987,02/11/87,Volcker,Y,10,9,1,0,1,,,1,,Melzer,,,,,,,,
1987,03/31/87,Volcker,N,10,10,0,0,0,,,,,,,,,,,,,
1987,05/19/87,Volcker,Y,10,9,1,1,0,,1,,,,Seger,,,,,,,
1987,07/07/87,Volcker,N,11,11,0,0,0,,,,,,,,,,,,,
1987,08/18/87,Greenspan,N,11,11,0,0,0,,,,,,,,,,,,,
1987,09/22/87,Greenspan,N,11,11,0,0,0,,,,,,,,,,,,,
1987,11/03/87,Greenspan,N,11,11,0,0,0,,,,,,,,,,,,,
1987,12/16/87,Greenspan,Y,11,9,2,2,0,,2,,,,"Johnson, Seger",,,,,,,
1988,01/05/88,Greenspan,Y,11,10,1,1,0,,,,,,,Seger,,,,,,
1988,02/10/88,Greenspan,N,11,11,0,0,0,,,,,,,,,,,,,
1988,03/29/88,Greenspan,Y,11,10,1,1,0,,1,,,,Seger,,,,,,,
1988,05/17/88,Greenspan,Y,11,9,2,0,2,,,2,,"Hoskins, Parry",,,,,,,,
1988,06/30/88,Greenspan,Y,11,8,3,3,0,,3,,,,"Angell, Kelley, Seger",,,,,,,
1988,08/16/88,Greenspan,Y,11,10,1,0,1,,,1,,Hoskins,,,,,,,,
1988,09/20/88,Greenspan,N,12,12,0,0,0,,,,,,,,,,,,,
1988,11/01/88,Greenspan,Y,12,11,1,1,0,,,,,,,Seger,,,,,,
1988,12/14/88,Greenspan,Y,12,11,1,1,0,,1,,,,Seger,,,,,,,
1989,02/08/89,Greenspan,Y,12,10,2,0,2,,,2,,"Hoskins, Parry",,,,,,,,
1989,03/28/89,Greenspan,Y,12,11,1,1,0,,1,,,,Seger,,,,,,,
1989,05/16/89,Greenspan,Y,12,11,1,0,1,,,,1,,Melzer,,,,,,,
1989,07/06/89,Greenspan,Y,11,10,1,1,0,,1,,,,Seger,,,,,,,
1989,08/22/89,Greenspan,Y,11,10,1,0,1,,,,,,,Guffey,,,,,,
1989,10/03/89,Greenspan,Y,11,9,2,1,1,,1,,,,Seger,Guffey,,,,,,
1989,11/14/89,Greenspan,Y,11,10,1,1,0,,1,,,,Seger,,,,,,,
1989,12/19/89,Greenspan,Y,11,9,2,1,1,1,,1,,"Angell, Melzer",,,,,,,,
1990,02/07/90,Greenspan,Y,11,8,3,1,2,,1,2,,"Boykin, Hoskins",Seger,,,,,,,
1990,03/27/90,Greenspan,Y,11,9,2,0,2,,,2,,"Boykin, Hoskins",,,,,,,,
1990,05/15/90,Greenspan,Y,11,10,1,0,1,,,1,,Hoskins,,,,,,,,
1990,07/03/90,Greenspan,N,11,11,0,0,0,,,,,,,,,,,,,
1990,08/21/90,Greenspan,N,11,11,0,0,0,,,,,,,,,,,,,
1990,10/02/90,Greenspan,Y,11,7,4,2,2,1,1,2,,"Angell, Boykin, Hoskins",Seger,,,,,,,
1990,11/13/90,Greenspan,N,11,11,0,0,0,,,,,,,,,,,,,
1990,12/18/90,Greenspan,N,11,11,0,0,0,,,,,,,,,,,,,
1991,02/06/91,Greenspan,N,11,11,0,0,0,,,,,,,,,,,,,
1991,03/26/91,Greenspan,N,10,10,0,0,0,,,,,,,,,,,,,
1991,05/14/91,Greenspan,N,10,10,0,0,0,,,,,,,,,,,,,
1991,07/03/91,Greenspan,N,10,10,0,0,0,,,,,,,,,,,,,
1991,08/20/91,Greenspan,N,10,10,0,0,0,,,,,,,,,,,,,
1991,10/01/91,Greenspan,N,10,10,0,0,0,,,,,,,,,,,,,
1991,11/05/91,Greenspan,Y,10,8,2,2,0,2,,,,"Angell, Kelley",,,,,,,,
1991,12/17/91,Greenspan,Y,12,11,1,1,0,,,,,,,LaWare,,,,,,
1992,02/05/92,Greenspan,N,12,12,0,0,0,,,,,,,,,,,,,
1992,03/31/92,Greenspan,N,12,12,0,0,0,,,,,,,,,,,,,
1992,05/19/92,Greenspan,N,12,12,0,0,0,,,,,,,,,,,,,
1992,07/01/92,Greenspan,Y,12,10,2,1,1,,,,,,,"LaWare, Melzer",,,,,,
1992,08/18/92,Greenspan,Y,12,10,2,1,1,,,,,,,"LaWare, Melzer",,,,,,
1992,10/06/92,Greenspan,Y,12,8,4,2,2,,1,,1,,"Lindsey, Jordan","LaWare, Melzer",,,,,,
1992,11/17/92,Greenspan,Y,12,9,3,1,2,,,,1,,Jordan,"LaWare, Melzer",,,,,,
1992,12/22/92,Greenspan,N,12,12,0,0,0,,,,,,,,,,,,,
1993,02/03/93,Greenspan,N,12,12,0,0,0,,,,,,,,,,,,,
1993,03/23/93,Greenspan,Y,12,10,2,2,0,2,,,,"Angell, Lindsey",,,,,,,,
1993,05/18/93,Greenspan,Y,12,10,2,1,1,1,,,,Angell,,Boehne,,,,,,
1993,07/07/93,Greenspan,Y,12,11,1,1,0,1,,,,Angell,,,,,,,,
1993,08/17/93,Greenspan,N,12,12,0,0,0,,,,,,,,,,,,,
1993,09/21/93,Greenspan,N,12,12,0,0,0,,,,,,,,,,,,,
1993,11/16/93,Greenspan,N,12,12,0,0,0,,,,,,,,,,,,,
1993,12/21/93,Greenspan,Y,12,10,2,2,0,2,,,,"Angell, Lindsey",,,,,,,,
1994,02/04/94,Greenspan,N,10,10,0,0,0,,,,,,,,,,,,,
1994,03/22/94,Greenspan,Y,10,8,2,0,2,,,2,,"Broaddus, Jordan",,,,,,,,
1994,05/17/94,Greenspan,N,10,10,0,0,0,,,,,,,,,,,,,
1994,07/06/94,Greenspan,Y,11,10,1,0,1,,,1,,Broaddus,,,,,,,,
1994,08/16/94,Greenspan,N,12,12,0,0,0,,,,,,,,,,,,,
1994,09/27/94,Greenspan,Y,12,11,1,0,1,,,1,,Broaddus,,,,,,,,
1994,11/15/94,Greenspan,N,12,12,0,0,0,,,,,,,,,,,,,
1994,12/20/94,Greenspan,Y,12,11,1,1,0,1,,,,LaWare,,,,,,,,
1995,02/01/95,Greenspan,N,12,12,0,0,0,,,,,,,,,,,,,
1995,03/28/95,Greenspan,N,11,11,0,0,0,,,,,,,,,,,,,
1995,05/23/95,Greenspan,N,11,11,0,0,0,,,,,,,,,,,,,
1995,07/06/95,Greenspan,Y,11,10,1,0,1,,,1,,Hoenig,,,,,,,,
1995,08/22/95,Greenspan,N,11,11,0,0,0,,,,,,,,,,,,,
1995,09/26/95,Greenspan,N,11,11,0,0,0,,,,,,,,,,,,,
1995,11/15/95,Greenspan,Y,11,10,1,1,0,,1,,,,Lindsey,,,,,,,
1995,12/19/95,Greenspan,N,11,11,0,0,0,,,,,,,,,,,,,
1996,01/31/96,Greenspan,N,10,10,0,0,0,,,,,,,,,,,,,
1996,03/26/96,Greenspan,N,10,10,0,0,0,,,,,,,,,,,,,
1996,05/21/96,Greenspan,N,10,10,0,0,0,,,,,,,,,,,,,
1996,07/03/96,Greenspan,Y,12,11,1,0,1,,,1,,Stern,,,,,,,,
1996,08/20/96,Greenspan,Y,12,11,1,0,1,,,1,,Stern,,,,,,,,
1996,09/24/96,Greenspan,Y,12,11,1,0,1,,,1,,Stern,,,,,,,,
1996,11/13/96,Greenspan,N,12,12,0,0,0,,,,,,,,,,,,,
1996,12/17/96,Greenspan,N,12,12,0,0,0,,,,,,,,,,,,,
1997,02/05/97,Greenspan,N,10,10,0,0,0,,,,,,,,,,,,,
1997,03/25/97,Greenspan,N,10,10,0,0,0,,,,,,,,,,,,,
1997,05/20/97,Greenspan,Y,10,9,1,0,1,,,1,,Broaddus,,,,,,,,
1997,07/02/97,Greenspan,N,10,10,0,0,0,,,,,,,,,,,,,
1997,08/19/97,Greenspan,N,10,10,0,0,0,,,,,,,,,,,,,
1997,09/30/97,Greenspan,N,10,10,0,0,0,,,,,,,,,,,,,
1997,11/12/97,Greenspan,Y,12,11,1,0,1,,,1,,Broaddus,,,,,,,,
1997,12/16/97,Greenspan,Y,12,11,1,0,1,,,1,,Broaddus,,,,,,,,
1998,02/04/98,Greenspan,N,12,12,0,0,0,,,,,,,,,,,,,
1998,03/31/98,Greenspan,Y,12,11,1,0,1,,,1,,Jordan,,,,,,,,
1998,05/19/98,Greenspan,Y,12,10,2,0,2,,,2,,"Jordan, Poole",,,,,,,,
1998,07/01/98,Greenspan,Y,11,10,1,0,1,,,1,,Jordan,,,,,,,,
1998,08/18/98,Greenspan,Y,11,10,1,0,1,,,1,,Jordan,,,,,,,,
1998,09/29/98,Greenspan,N,11,11,0,0,0,,,,,,,,,,,,,
1998,11/17/98,Greenspan,Y,11,10,1,0,1,,,1,,Jordan,,,,,,,,
1998,12/22/98,Greenspan,N,11,11,0,0,0,,,,,,,,,,,,,
1999,02/03/99,Greenspan,N,11,11,0,0,0,,,,,,,,,,,,,
1999,03/30/99,Greenspan,N,11,11,0,0,0,,,,,,,,,,,,,
1999,05/18/99,Greenspan,N,11,11,0,0,0,,,,,,,,,,,,,
1999,06/30/99,Greenspan,Y,10,9,1,0,1,,,,1,,McTeer,,,,,,,
1999,08/24/99,Greenspan,Y,10,9,1,0,1,,,,1,,McTeer,,,,,,,
1999,10/05/99,Greenspan,N,10,10,0,0,0,,,,,,,,,,,,,
1999,11/16/99,Greenspan,N,10,10,0,0,0,,,,,,,,,,,,,
1999,12/21/99,Greenspan,N,10,10,0,0,0,,,,,,,,,,,,,
2000,02/02/00,Greenspan,N,10,10,0,0,0,,,,,,,,,,,,,
2000,03/21/00,Greenspan,N,10,10,0,0,0,,,,,,,,,,,,,
2000,05/16/00,Greenspan,N,10,10,0,0,0,,,,,,,,,,,,,
2000,06/28/00,Greenspan,N,10,10,0,0,0,,,,,,,,,,,,,
2000,08/22/00,Greenspan,N,10,10,0,0,0,,,,,,,,,,,,,
2000,10/03/00,Greenspan,N,10,10,0,0,0,,,,,,,,,,,,,
2000,11/15/00,Greenspan,N,10,10,0,0,0,,,,,,,,,,,,,
2000,12/19/00,Greenspan,N,10,10,0,0,0,,,,,,,,,,,,,
2001,01/03/01,Greenspan,N,10,10,0,0,0,,,,,,,,,,,,,
2001,01/31/01,Greenspan,N,10,10,0,0,0,,,,,,,,,,,,,
2001,03/20/01,Greenspan,N,10,10,0,0,0,,,,,,,,,,,,,
2001,04/18/01,Greenspan,N,10,10,0,0,0,,,,,,,,,,,,,
2001,05/15/01,Greenspan,Y,10,9,1,0,1,,,1,,Hoenig,,,,,,,,
2001,06/27/01,Greenspan,Y,10,9,1,0,1,,,1,,Poole,,,,,,,,
2001,08/21/01,Greenspan,N,10,10,0,0,0,,,,,,,,,,,,,
2001,09/17/01,Greenspan,N,10,10,0,0,0,,,,,,,,,,,,,
2001,10/02/01,Greenspan,N,10,10,0,0,0,,,,,,,,,,,,,
2001,11/06/01,Greenspan,N,10,10,0,0,0,,,,,,,,,,,,,
2001,12/11/01,Greenspan,Y,11,10,1,0,1,,,1,,Hoenig,,,,,,,,
2002,01/30/02,Greenspan,N,10,10,0,0,0,,,,,,,,,,,,,
2002,03/19/02,Greenspan,N,10,10,0,0,0,,,,,,,,,,,,,
2002,05/07/02,Greenspan,N,10,10,0,0,0,,,,,,,,,,,,,
2002,06/26/02,Greenspan,N,10,10,0,0,0,,,,,,,,,,,,,
2002,08/13/02,Greenspan,N,12,12,0,0,0,,,,,,,,,,,,,
2002,09/24/02,Greenspan,Y,12,10,2,1,1,,1,,1,,"Gramlich, McTeer",,,,,,,
2002,11/06/02,Greenspan,N,12,12,0,0,0,,,,,,,,,,,,,
2002,12/10/02,Greenspan,N,12,12,0,0,0,,,,,,,,,,,,,
2003,01/29/03,Greenspan,N,12,12,0,0,0,,,,,,,,,,,,,
2003,03/18/03,Greenspan,N,12,12,0,0,0,,,,,,,,,,,,,
2003,05/06/03,Greenspan,N,12,12,0,0,0,,,,,,,,,,,,,
2003,06/25/03,Greenspan,Y,12,11,1,0,1,,,,1,,Parry,,,,,,,
2003,08/12/03,Greenspan,N,12,12,0,0,0,,,,,,,,,,,,,
2003,09/16/03,Greenspan,N,12,12,0,0,0,,,,,,,,,,,,,
2003,10/28/03,Greenspan,N,12,12,0,0,0,,,,,,,,,,,,,
2003,12/09/03,Greenspan,N,12,12,0,0,0,,,,,,,,,,,,,
2004,01/28/04,Greenspan,N,12,12,0,0,0,,,,,,,,,,,,,
2004,03/16/04,Greenspan,N,12,12,0,0,0,,,,,,,,,,,,,
2004,05/04/04,Greenspan,N,12,12,0,0,0,,,,,,,,,,,,,
2004,06/30/04,Greenspan,N,12,12,0,0,0,,,,,,,,,,,,,
2004,08/10/04,Greenspan,N,12,12,0,0,0,,,,,,,,,,,,,
2004,09/21/04,Greenspan,N,12,12,0,0,0,,,,,,,,,,,,,
2004,11/10/04,Greenspan,N,12,12,0,0,0,,,,,,,,,,,,,
2004,12/14/04,Greenspan,N,12,12,0,0,0,,,,,,,,,,,,,
2005,02/02/05,Greenspan,N,12,12,0,0,0,,,,,,,,,,,,,
2005,03/22/05,Greenspan,N,12,12,0,0,0,,,,,,,,,,,,,
2005,05/03/05,Greenspan,N,11,11,0,0,0,,,,,,,,,,,,,
2005,06/30/05,Greenspan,N,11,11,0,0,0,,,,,,,,,,,,,
2005,08/09/05,Greenspan,N,10,10,0,0,0,,,,,,,,,,,,,
2005,09/20/05,Greenspan,Y,10,9,1,1,0,,1,,,,Olson,,,,,,,
2005,11/01/05,Greenspan,N,10,10,0,0,0,,,,,,,,,,,,,
2005,12/13/05,Greenspan,N,10,10,0,0,0,,,,,,,,,,,,,
2006,01/31/06,Greenspan,N,10,10,0,0,0,,,,,,,,,,,,,
2006,03/28/06,Bernanke,N,11,11,0,0,0,,,,,,,,,,,,,
2006,05/10/06,Bernanke,N,11,11,0,0,0,,,,,,,,,,,,,
2006,06/29/06,Bernanke,N,10,10,0,0,0,,,,,,,,,,,,,
2006,08/08/06,Bernanke,Y,10,9,1,0,1,,,1,,Lacker,,,,,,,,
2006,09/20/06,Bernanke,Y,11,10,1,0,1,,,1,,Lacker,,,,,,,,
2006,10/25/06,Bernanke,Y,11,10,1,0,1,,,1,,Lacker,,,,,,,,
2006,12/12/06,Bernanke,Y,11,10,1,0,1,,,1,,Lacker,,,,,,,,
2007,01/31/07,Bernanke,N,11,11,0,0,0,,,,,,,,,,,,,
2007,03/21/07,Bernanke,N,10,10,0,0,0,,,,,,,,,,,,,
2007,05/09/07,Bernanke,N,10,10,0,0,0,,,,,,,,,,,,,
2007,06/28/07,Bernanke,N,10,10,0,0,0,,,,,,,,,,,,,
2007,08/07/07,Bernanke,N,10,10,0,0,0,,,,,,,,,,,,,
2007,09/18/07,Bernanke,N,10,10,0,0,0,,,,,,,,,,,,,
2007,10/31/07,Bernanke,Y,10,9,1,0,1,,,1,,Hoenig,,,,,,,,
2007,12/11/07,Bernanke,Y,10,9,1,0,1,,,,1,,Rosengren,,,,,,,
2008,01/21/08,Bernanke,Y,9,8,1,0,1,,,1,,Poole,,,,,,,,
2008,01/30/08,Bernanke,Y,10,9,1,0,1,,,1,,Fisher,,,,,,,,
2008,03/18/08,Bernanke,Y,10,8,2,0,2,,,2,,"Fisher, Plosser",,,,,,,,
2008,04/30/08,Bernanke,Y,10,8,2,0,2,,,2,,"Fisher, Plosser",,,,,,,,
2008,06/25/08,Bernanke,Y,10,9,1,0,1,,,1,,Fisher,,,,,,,,
2008,08/05/08,Bernanke,Y,11,10,1,0,1,,,1,,Fisher,,,,,,,,
2008,09/16/08,Bernanke,N,10,10,0,0,0,,,,,,,,,,,,,
2008,10/07/08,Bernanke,N,10,10,0,0,0,,,,,,,,,,,,,
2008,10/29/08,Bernanke,N,10,10,0,0,0,,,,,,,,,,,,,
2008,12/16/08,Bernanke,N,10,10,0,0,0,,,,,,,,,,,,,
2009,01/28/09,Bernanke,Y,9,8,1,0,1,,,,,,,Lacker,,,,,,
2009,03/18/09,Bernanke,N,10,10,0,0,0,,,,,,,,,,,,,
2009,04/29/09,Bernanke,N,10,10,0,0,0,,,,,,,,,,,,,
2009,06/24/09,Bernanke,N,10,10,0,0,0,,,,,,,,,,,,,
2009,08/12/09,Bernanke,N,10,10,0,0,0,,,,,,,,,,,,,
2009,09/23/09,Bernanke,N,10,10,0,0,0,,,,,,,,,,,,,
2009,11/04/09,Bernanke,N,10,10,0,0,0,,,,,,,,,,,,,
2009,12/16/09,Bernanke,N,10,10,0,0,0,,,,,,,,,,,,,
2010,01/27/10,Bernanke,Y,10,9,1,0,1,,,1,,Hoenig,,,,,,,,
2010,03/16/10,Bernanke,Y,10,9,1,0,1,,,1,,Hoenig,,,,,,,,
2010,04/28/10,Bernanke,Y,10,9,1,0,1,,,1,,Hoenig,,,,,,,,
2010,06/23/10,Bernanke,Y,10,9,1,0,1,,,1,,Hoenig,,,,,,,,
2010,08/10/10,Bernanke,Y,10,9,1,0,1,,,1,,Hoenig,,,,,,,,
2010,09/21/10,Bernanke,Y,9,8,1,0,1,,,1,,Hoenig,,,,,,,,
2010,11/03/10,Bernanke,Y,11,10,1,0,1,,,1,,Hoenig,,,,,,,,
2010,12/14/10,Bernanke,Y,11,10,1,0,1,,,1,,Hoenig,,,,,,,,
2011,01/26/11,Bernanke,N,11,11,0,0,0,,,,,,,,,,,,,
2011,03/15/11,Bernanke,N,10,10,0,0,0,,,,,,,,,,,,,
2011,04/27/11,Bernanke,N,10,10,0,0,0,,,,,,,,,,,,,
2011,06/22/11,Bernanke,N,10,10,0,0,0,,,,,,,,,,,,,
2011,08/09/11,Bernanke,Y,10,7,3,0,3,,,1,,Kocherlakota,,"Fisher, Plosser",,,,,,
2011,09/21/11,Bernanke,Y,10,7,3,0,3,,,3,,"Fisher, Kocherlakota, Plosser",,,,,,,,
2011,11/02/11,Bernanke,Y,10,9,1,0,1,,,,1,,Evans,,,,,,,
2011,12/13/11,Bernanke,Y,10,9,1,0,1,,,,1,,Evans,,,,,,,
2012,01/25/12,Bernanke,Y,10,9,1,0,1,,,,,,,Lacker,,,,,,
2012,03/13/12,Bernanke,Y,10,9,1,0,1,,,,,,,Lacker,,,,,,
2012,04/25/12,Bernanke,Y,10,9,1,0,1,,,,,,,Lacker,,,,,,
2012,06/20/12,Bernanke,Y,12,11,1,0,1,,,1,,Lacker,,,,,,,,
2012,08/01/12,Bernanke,Y,12,11,1,0,1,,,,,,,Lacker,,,,,,
2012,09/13/12,Bernanke,Y,12,11,1,0,1,,,1,,Lacker,,,,,,,,
2012,10/24/12,Bernanke,Y,12,11,1,0,1,,,1,,Lacker,,,,,,,,
2012,12/12/12,Bernanke,Y,12,11,1,0,1,,,1,,Lacker,,,,,,,,
2013,01/30/13,Bernanke,Y,12,11,1,0,1,,,1,,George,,,,,,,,
2013,03/20/13,Bernanke,Y,12,11,1,0,1,,,1,,George,,,,,,,,
2013,05/01/13,Bernanke,Y,12,11,1,0,1,,,1,,George,,,,,,,,
2013,06/19/13,Bernanke,Y,12,10,2,0,2,,,1,1,George,Bullard,,,,,,,
2013,07/31/13,Bernanke,Y,12,11,1,0,1,,,1,,George,,,,,,,,
2013,09/18/13,Bernanke,Y,10,9,1,0,1,,,1,,George,,,,,,,,
2013,10/30/13,Bernanke,Y,10,9,1,0,1,,,1,,George,,,,,,,,
2013,12/18/13,Bernanke,Y,10,9,1,0,1,,,,1,,Rosengren,,,,,,,
2014,01/29/14,Bernanke,N,10,10,0,0,0,,,,,,,,,,,,,
2014,03/19/14,Yellen,Y,9,8,1,0,1,,,,,,,Kocherlakota,,,,,,
2014,04/30/14,Yellen,N,9,9,0,0,0,,,,,,,,,,,,,
2014,06/18/14,Yellen,N,10,10,0,0,0,,,,,,,,,,,,,
2014,07/30/14,Yellen,Y,10,9,1,0,1,,,,,,,Plosser,,,,,,
2014,09/17/14,Yellen,Y,10,8,2,0,2,,,,,,,"Fisher, Plosser",,,,,,
2014,10/29/14,Yellen,Y,10,9,1,0,1,,,,1,,Kocherlakota,,,,,,,
2014,12/17/14,Yellen,Y,10,7,3,0,3,,,,1,,Kocherlakota,"Fisher, Plosser",,,,,,
2015,01/28/15,Yellen,N,10,10,0,0,0,,,,,,,,,,,,,
2015,03/18/15,Yellen,N,10,10,0,0,0,,,,,,,,,,,,,
2015,04/29/15,Yellen,N,10,10,0,0,0,,,,,,,,,,,,,
2015,06/17/15,Yellen,N,10,10,0,0,0,,,,,,,,,,,,,
2015,07/29/15,Yellen,N,10,10,0,0,0,,,,,,,,,,,,,
2015,09/17/15,Yellen,Y,10,9,1,0,1,,,1,,Lacker,,,,,,,,
2015,10/28/15,Yellen,Y,10,9,1,0,1,,,1,,Lacker,,,,,,,,
2015,12/16/15,Yellen,N,10,10,0,0,0,,,,,,,,,,,,,
2016,01/27/16,Yellen,N,10,10,0,0,0,,,,,,,,,,,,,
2016,03/16/16,Yellen,Y,10,9,1,0,1,,,1,,George,,,,,,,,
2016,04/27/16,Yellen,Y,10,9,1,0,1,,,1,,George,,,,,,,,
2016,06/15/16,Yellen,N,10,10,0,0,0,,,,,,,,,,,,,
2016,07/27/16,Yellen,Y,10,9,1,0,1,,,1,,George,,,,,,,,
2016,09/21/16,Yellen,Y,10,7,3,0,3,,,3,,"George, Mester, Rosengren",,,,,,,,
2016,11/02/16,Yellen,Y,10,8,2,0,2,,,2,,"George, Mester",,,,,,,,
2016,12/14/16,Yellen,N,10,10,0,0,0,,,,,,,,,,,,,
2017,02/01/17,Yellen,N,10,10,0,0,0,,,,,,,,,,,,,
2017,03/15/17,Yellen,Y,10,9,1,0,1,,,,1,,Kashkari,,,,,,,
2017,05/03/17,Yellen,N,9,9,0,0,0,,,,,,,,,,,,,
2017,06/14/17,Yellen,Y,9,8,1,0,1,,,,1,,Kashkari,,,,,,,
2017,07/26/17,Yellen,N,9,9,0,0,0,,,,,,,,,,,,,
2017,09/20/17,Yellen,N,9,9,0,0,0,,,,,,,,,,,,,
2017,11/01/17,Yellen,N,9,9,0,0,0,,,,,,,,,,,,,
2017,12/13/17,Yellen,Y,9,7,2,0,2,,,,2,,"Evans, Kashkari",,,,,,,
2018,01/31/18,Yellen,N,9,9,0,0,0,,,,,,,,,,,,,
2018,03/21/18,Powell,N,8,8,0,0,0,,,,,,,,,,,,,
2018,05/02/18,Powell,N,8,8,0,0,0,,,,,,,,,,,,,
2018,06/13/18,Powell,N,8,8,0,0,0,,,,,,,,,,,,,
2018,08/01/18,Powell,N,8,8,0,0,0,,,,,,,,,,,,,
2018,09/26/18,Powell,N,9,9,0,0,0,,,,,,,,,,,,,
2018,11/08/18,Powell,N,9,9,0,0,0,,,,,,,,,,,,,
,,,,,,,,,,,,,,,,,,,,,
,,,,,,,,,,,,,,,,,,,,,
,,,,,,,,,,,,,,,,,,,,,
,,,,,,,,,,,,,,,,,,,,,
"Please note the correction made on April 19, 2018: For the FOMC meeting on 01/26/1943, ""FOMC Votes"" and ""Votes for Action"" were both changed from 9 to 11.",,,,,,,,,,,,,,,,,,,,,